operator,CO-2L,CO-600,DC-600,LE-600,OR-600
Charlie,63.666666666666664,30.8,,13.0,
Dee,,31.166666666666668,20.0,,
Dennis,54.0,38.25,,,
Mac,32.0,,31.666666666666668,43.333333333333336,75.0
