downtime_factor,f_stat,p_value
downtime.factor_2,2.848289375192638,0.07849169445512488
downtime.factor_6,1.0357966388095743,0.3924955672456965
downtime.factor_4,1.0211161749964703,0.39875201177404
downtime.factor_7,0.6457159123325613,0.592413639318428
downtime.factor_11,0.10457516339869288,0.7505950051029849
downtime.factor_10,0.0637302263900729,0.8039088787997963
downtime.factor_5,0.15618277817612933,0.8564360078962506
downtime.factor_12,0.07994550873100473,0.9234220334500098
downtime.factor_8,0.06120074811851767,0.9408015262816682
