operator,mean,std,runs
Dennis,0.35965059708093766,0.12964857523181667,5
Charlie,0.29026999178703555,0.1499513693325822,11
Dee,0.2988195278111245,0.1648867058030463,7
Mac,0.3674214674214674,0.1716067029124781,8
